{
  "origin": {
    "precision": 1.0,
    "recall": 0.5,
    "f1-score": 0.6666666666666666,
    "support": 6,
    "confused_with": {
      "destination": 1
    }
  },
  "budget": {
    "precision": 0.9230769230769231,
    "recall": 1.0,
    "f1-score": 0.9600000000000001,
    "support": 12,
    "confused_with": {}
  },
  "start_date": {
    "precision": 0.25925925925925924,
    "recall": 0.28,
    "f1-score": 0.2692307692307692,
    "support": 50,
    "confused_with": {
      "end_date": 35
    }
  },
  "destination": {
    "precision": 0.8,
    "recall": 0.7058823529411765,
    "f1-score": 0.7500000000000001,
    "support": 17,
    "confused_with": {}
  },
  "end_date": {
    "precision": 0.36363636363636365,
    "recall": 0.4,
    "f1-score": 0.380952380952381,
    "support": 50,
    "confused_with": {
      "start_date": 30
    }
  },
  "sustainability_preference": {
    "precision": 0.5,
    "recall": 0.14285714285714285,
    "f1-score": 0.22222222222222224,
    "support": 7,
    "confused_with": {}
  },
  "micro avg": {
    "precision": 0.43661971830985913,
    "recall": 0.43661971830985913,
    "f1-score": 0.43661971830985913,
    "support": 142
  },
  "macro avg": {
    "precision": 0.6409954243287578,
    "recall": 0.5047899159663866,
    "f1-score": 0.5415120065120066,
    "support": 142
  },
  "weighted avg": {
    "precision": 0.46001200156129735,
    "recall": 0.43661971830985913,
    "f1-score": 0.4389768525684019,
    "support": 142
  },
  "accuracy": 0.8577912254160364
}